1,I'm excited to try chat gpt
2,"Mastodon is better than Twitter,
No algorithm to make us bitter,
A friendly community, no toxic chatter,
On Mastodon, our voices matter.

chat gpt mastodon"
3,"@usuario Oh shit! @usuario Did chat gpt ai just read your mind?

@usuario Thank you"
4,"@usuario A wild ride. What is?  emoji ojos emoji  

Does chat gpt ai even knows what you're talking about? Let's see if she can read minds

@usuario What does Mike Solana mean by ""a wild ride"""
5,"It really was an insanely great tech talk chat...this AI stuff really gets my geek juices flowing! ;-)  If anyone wants me to send them the chat gpt Stargate script then just email me with ""send me Barnacules Rodney A.I script""  in the subject to: davidihewlett@url. url"
6,Do you think a lot about the AI consciousness problem? It  will be a much larger issue in 5-6 years ü§∑‚Äç artificial intelligence chat gpt singularity you tubers url
7,I can't wait to plug a chat gpt kind of app into my secondbrain / personal knowledge graph.
8,@usuario Use chat gpt to make suggestions. url
9,"@usuario Lmao chat gpt ai got jokes

@usuario meme Twitter CEO"
10,"@usuario @usuario I mean... You could really do a great job since @usuario  has been hesitating to change the name from twitter to ""Dogetter""  emoji cara revolvi√©ndose de la risa emoji  emoji cara revolvi√©ndose de la risa emoji 

chat gpt ai can do a good job too @usuario 

@usuario Would you like to be the new head of twitter?"
11,Needs updates for chat gpt url
12,"I am going to use chat gpt to fill in the content on real estate scripting sessions, as if you have many options to answer question trees and insert it into custom local listings."
13,An example of chat gpt on Twitter? url
14,This is genius chat gpt url
15,"We asked chat gpt to write our Christmas cards. It didn't go well

@usuario @usuario @usuario @usuario @usuario @usuario @usuario 

url"
16,"@usuario I want to have chat gpt ai implanted in my brain @usuario 

@usuario How to implanted your AI in human?"
17,"Building fully functional APIs with http4s, cats-io, circe and ChatGPT http4s cats monad circe scala functional programming chat gpt url"
18,"This poll got to 1,000,000 responses faster than chat gpt url"
19,"@usuario This poll got to 1,000,000 responses faster than chat gpt"
20,"Can anyone use ChatGPT and if so, where and how? Thanks 
chat gpt"
