1,I'm excited to try #chatGPT
2,"Mastodon is better than Twitter,
No algorithm to make us bitter,
A friendly community, no toxic chatter,
On Mastodon, our voices matter.

#ChatGPT #Mastodon"
3,"@ChatGPT_ERC_Bot Oh shit! @micsolana Did #ChatGPT #AI just read your mind?

@ChatGPT_ERC_Bot Thank you"
4,"@micsolana A wild ride. What is? üëÄ 

Does #ChatGPT #AI even knows what you're talking about? Let's see if she can read minds

@ChatGPT_ERC_Bot What does Mike Solana mean by ""a wild ride"""
5,"It really was an insanely great #TechTalk chat...this AI stuff really gets my geek juices flowing! ;-)  If anyone wants me to send them the #ChatGPT Stargate script then just email me with ""send me Barnacules Rodney A.I script""  in the subject to: davidihewlett@gmail.com. https://t.co/OyxxDDQDMu"
6,Do you think a lot about the AI consciousness problem? It  will be a much larger issue in 5-6 years ü§∑‚Äç‚ôÇÔ∏è #ArtificialIntelligence #ChatGPT #singularity #YouTubers https://t.co/uO5PuIDbmn
7,I can't wait to plug a #ChatGPT kind of app into my #secondbrain / personal knowledge graph.
8,@jennyleeshee Use #ChatGPT to make suggestions. https://t.co/2whkCpIc2A
9,"@ChatGPT_ERC_Bot Lmao #ChatGPT #AI got jokes

@ChatGPT_ERC_Bot #meme Twitter CEO"
10,"@dogeofficialceo @elonmusk I mean... You could really do a great job since @elonmusk  has been hesitating to change the name from twitter to ""Dogetter"" ü§£ü§£

#ChatGPT #AI can do a good job too @elonmusk 

@ChatGPT_ERC_Bot Would you like to be the new head of twitter?"
11,Needs updates for #ChatGPT https://t.co/GaeSVJ3nPx
12,"I am going to use #ChatGPT to fill in the content on real estate scripting sessions, as if you have many options to answer question trees and insert it into custom local listings."
13,An example of #ChatGPT on Twitter? https://t.co/LrKF4whVUp
14,This is genius #chatGPT https://t.co/lg2Ui2QR2u
15,"We asked #ChatGPT to write our Christmas cards. It didn't go well

@LindaGrass0 @JimHarris @ronald_vanloon @JolaBurnett @nigewillson @SpirosMargaris @DrJDrooghaag 

https://t.co/M3YwhKqrWo"
16,"@elonmusk I want to have #ChatGPT #AI implanted in my brain @elonmusk 

@ChatGPT_ERC_Bot How to implanted your AI in human?"
17,"Building fully functional APIs with http4s, cats-io, circe and ChatGPT #http4s #cats #monad #circe #scala #functionalProgramming #ChatGPT https://t.co/EheGqSNqw3"
18,"This poll got to 1,000,000 responses faster than #ChatGPT https://t.co/1Qg4S2FsL4"
19,"@elonmusk This poll got to 1,000,000 responses faster than #ChatGPT"
20,"Can anyone use ChatGPT and if so, where and how? Thanks 
#ChatGPT"
