1,Should world cup matches be decided by a penalty shootout ? #WorldCupFinal #WorldCup #football :soccer_ball:
2,@USER What are #ElonMusk and #JaredKushner doing together at the #WorldCup ? ? ! !
3,"@USER @USER @USER Holy shit , is this a real pic ? Was Elon at the #WorldCup with Jared Kushner ?"
4,"@USER @USER bit of knowledge for you here , think twice before mocking someone or something in the future #ArgentinaVsFrance #WorldCup2022 #WorldCup #FIFAWorldCup2022 #MessiìÉµ #ARGFRA HTTPURL"
5,Just imagine watching the game in virtual reality where all players are replaced by avatars of your choice . And we decided to imagine the Victory dance from Argentina HTTPURL #AI #VirtualReality #mocap #animation #avatars #WorldCup
6,@USER What are #ElonMusk and #JaredKushner doing together at the #WorldCup ? ? ! !
7,will do a solid version if I get 10 likes #ElonIsDestroyingTwitter #WorldCup HTTPURL
8,GOAT #MessiìÉµ #peterDury #MessiìÉµ #WorldCup #Qatar2022 #FIFAWorldCup2022 #FIFAWorldCupFinal HTTPURL
9,"Do you need a Responsive , SEO Friendly medical & healthcare website for doctor , dentist , dental , clinic , hospital ? Contact Me : HTTPURL #clinicwebsite #doctorwebsite #WorldCup #healthcarewebsite #DiMaria #hospitalwebsite #medicalwebsite HTTPURL"
10,It 's been 16 years since the world cup was won by a team outside Europe :exploding_head: :globe_showing_Asia-Australia: üá¶üá∑ #‡∏ü‡∏∏‡∏ï‡∏ö‡∏≠‡∏•‡πÇ‡∏•‡∏Å2022 #ARGFRA #ArgentinaVsFrance #robo #SS9inManila #robo #WorldCup #MessiìÉµ #Qatar2022 #Qatar2022 #FIFAWorldCupFinal #LionelMessiìÉµ #LionelMessi #MessiìÉµ #Messi #MessiìÉµday #messigoat HTTPURL
11,@USER @USER @USER What are #ElonMusk and #JaredKushner doing together at the #WorldCup ? ? ! !
12,THE GOAT ! ! :white_heart: :blue_heart: #Messi #WorldCup #FIFAWorldCup2022 #ArgentinaVsFrance HTTPURL
13,Maradona was an Englishman at heart . #argentina #WorldCup #Falklands HTTPURL
14,Messi Mkhize . If money could buy talent :face_holding_back_tears: #FIFAWorldCup #ArgentinaVsFrance #MessiìÉµ #WorldCup HTTPURL
15,"@USER A - 14 - year old girl , in one of the poor areas of Tehran , was repeatedly raped and assaulted by security forces just because of removing her hijab at school , in such a way that she suffered a torn vagina and passed away at hospital . #MahsaAmini #WorldCup"
16,"@USER A - 14 - year old girl , in one of the poor areas of Tehran , was repeatedly raped and assaulted by security forces just because of removing her hijab at school , in such a way that she suffered a torn vagina and passed away at hospital . #MahsaAmini #WorldCup"
17,THE BEST #WorldCup announcer was @USER @USER with his long winded ... G :soccer_ball: :soccer_ball: :soccer_ball: :soccer_ball: :soccer_ball: :soccer_ball: :soccer_ball: :soccer_ball: :soccer_ball: :soccer_ball: :soccer_ball: :soccer_ball: Ô∏èL ! ! ! #FIFAWorldCup #Quatar2022 #FIFAWorldCupFinal #WorldCup2022 HTTPURL
18,#footballtime Unbelievable final of Qatar 2022 #WorldCup ! ! WOW What a match :fire: Congratulations #Argentina Congratulations #LeoMessi :fire: HTTPURL
19,Could n't even help themselves . They had to take one last dig at Qatar to steer up controversy after the most thrilling World Cup final in history . #Qatar2022 #ArgentinaVsFrance #WorldCup
20,"@USER A - 14 - year old girl , in one of the poor areas of Tehran , was repeatedly raped and assaulted by security forces just because of removing her hijab at school , in such a way that she suffered a torn vagina and passed away at hospital . #MahsaAmini #WorldCup"
