1,Should world cup matches be decided by a penalty shootout? world cup final world cup football  emoji bal√≥n de f√∫tbol emoji
2,@usuario What are elon musk and jared kushner doing together at the world cup??!!
3,"@usuario @usuario @usuario Holy shit, is this a real pic? Was Elon at the world cup with Jared Kushner?"
4,"@usuario @usuario bit of knowledge for you here, think twice before mocking someone or something in the future 

argentina vs france world cup2022 world cup fifaworld cup2022 messiìÉµ argfra url"
5,"Just imagine watching the game in virtual reality where all players are replaced by avatars of your choice.
And we decided to imagine the Victory dance from Argentina 
url

ai virtual reality mocap animation avatars world cup"
6,@usuario What are elon musk and jared kushner doing together at the world cup??!!
7,will do a solid version if I get 10 likes elon is destroying twitter world cup url
8,"GOAT messiìÉµ 
peter dury messiìÉµ world cup qatar2022 fifaworld cup2022 fifaworld cup final url"
9,"Do you need a Responsive, SEO Friendly medical &amp; healthcare website for doctor, dentist, dental, clinic, hospital?
Contact Me: url
clinicwebsite doctorwebsite world cup healthcarewebsite di maria hospitalwebsite medicalwebsite url"
10,It's been 16 years since the world cup was won by a team outside Europe  emoji cabeza explotando emoji  emoji globo terr√°queo mostrando asia y australia emoji   emoji bandera argentina emoji  #‡∏ü‡∏∏‡∏ï‡∏ö‡∏≠‡∏•‡πÇ‡∏•‡∏Å2022 argfra argentina vs france robo ss9in manila robo world cup messiìÉµ qatar2022 qatar2022 fifaworld cup final lionel messiìÉµ lionel messi messiìÉµ messi messiìÉµday messigoat url
11,@usuario @usuario @usuario What are elon musk and jared kushner doing together at the world cup??!!
12,THE GOAT!! emoji coraz√≥n blanco emoji  emoji coraz√≥n azul emoji  messi world cup fifaworld cup2022 argentina vs france url
13,"Maradona was an Englishman at heart.

argentina world cup falklands url"
14,"Messi Mkhize. If money could buy talent  emoji cara aguant√°ndose las l√°grimas emoji 
fifaworld cup argentina vs france messiìÉµ world cup url"
15,"@usuario A-14-year old girl,in one of the poor areas of Tehran, was repeatedly raped and assaulted by security forces just because of removing her hijab at school, in such a way that she suffered a torn vagina and passed away at hospital.
mahsa amini
world cup"
16,"@usuario A-14-year old girl,in one of the poor areas of Tehran, was repeatedly raped and assaulted by security forces just because of removing her hijab at school, in such a way that she suffered a torn vagina and passed away at hospital.
mahsa amini
world cup"
17,"THE BEST world cup announcer was @usuario @usuario with his long winded
G emoji bal√≥n de f√∫tbol emoji  emoji bal√≥n de f√∫tbol emoji L !!!
fifaworld cup quatar2022 fifaworld cup final world cup2022
 url"
18,"footballtime 
Unbelievable final of Qatar 2022 world cup !!
WOW What a match  emoji fuego emoji 
Congratulations argentina  
Congratulations leo messi emoji fuego emoji  url"
19,Couldnt even help themselves. They had to take one last dig at Qatar to steer up controversy after the most thrilling  World Cup final in history. qatar2022 argentina vs france world cup
20,"@usuario A-14-year old girl,in one of the poor areas of Tehran, was repeatedly raped and assaulted by security forces just because of removing her hijab at school, in such a way that she suffered a torn vagina and passed away at hospital.
mahsa amini
world cup"
