1,Should world cup matches be decided by a penalty shootout? #WorldCupFinal #WorldCup #football âš½ï¸
2,@TheDailyEdge What are #ElonMusk and #JaredKushner doing together at the #WorldCup??!!
3,"@realBrianTrump @elonmusk @Twitter Holy shit, is this a real pic? Was Elon at the #WorldCup with Jared Kushner?"
4,"@JamesPearceLFC @GaryLineker bit of knowledge for you here, think twice before mocking someone or something in the future 

#ArgentinaVsFrance #WorldCup2022 #WorldCup #FIFAWorldCup2022 #Messiğ“ƒµ #ARGFRA https://t.co/RxbP03Cqth"
5,"Just imagine watching the game in virtual reality where all players are replaced by avatars of your choice.
And we decided to imagine the Victory dance from Argentina 
https://t.co/u2hoX588fp

#AI #VirtualReality #mocap #animation #avatars #WorldCup"
6,@lisa_liberal What are #ElonMusk and #JaredKushner doing together at the #WorldCup??!!
7,will do a solid version if I get 10 likes #ElonIsDestroyingTwitter #WorldCup https://t.co/OQfAtYeqZQ
8,"GOAT #Messiğ“ƒµ 
#peterDury #Messiğ“ƒµ #WorldCup #Qatar2022 #FIFAWorldCup2022 #FIFAWorldCupFinal https://t.co/K43Zz0IRdI"
9,"Do you need a Responsive, SEO Friendly medical &amp; healthcare website for doctor, dentist, dental, clinic, hospital?
Contact Me: https://t.co/EGNh7V29Er
#clinicwebsite #doctorwebsite #WorldCup #healthcarewebsite #DiMaria #hospitalwebsite #medicalwebsite https://t.co/pjiHvwvVxb"
10,It's been 16 years since the world cup was won by a team outside Europe ğŸ¤¯ğŸŒ ğŸ‡¦ğŸ‡· #à¸Ÿà¸¸à¸•à¸šà¸­à¸¥à¹‚à¸¥à¸2022 #ARGFRA #ArgentinaVsFrance #robo #SS9inManila #robo #WorldCup #Messiğ“ƒµ #Qatar2022 #Qatar2022 #FIFAWorldCupFinal #LionelMessiğ“ƒµ #LionelMessi #Messiğ“ƒµ #Messi #Messiğ“ƒµday #messigoat https://t.co/hjT9eTTFEY
11,@Rob184rob @ericswalwell @NotHoodlum What are #ElonMusk and #JaredKushner doing together at the #WorldCup??!!
12,THE GOAT!!ğŸ¤ğŸ’™ #Messi #WorldCup #FIFAWorldCup2022 #ArgentinaVsFrance https://t.co/wB6FtPU4AA
13,"Maradona was an Englishman at heart.

#argentina #WorldCup #Falklands https://t.co/dK8IM9R74X"
14,"Messi Mkhize. If money could buy talent ğŸ¥¹
#FIFAWorldCup #ArgentinaVsFrance #Messiğ“ƒµ #WorldCup https://t.co/nsgEn0imgi"
15,"@Reuters A-14-year old girl,in one of the poor areas of Tehran, was repeatedly raped and assaulted by security forces just because of removing her hijab at school, in such a way that she suffered a torn vagina and passed away at hospital.
#MahsaAmini
#WorldCup"
16,"@Reuters A-14-year old girl,in one of the poor areas of Tehran, was repeatedly raped and assaulted by security forces just because of removing her hijab at school, in such a way that she suffered a torn vagina and passed away at hospital.
#MahsaAmini
#WorldCup"
17,"THE BEST #WorldCup announcer was @telemundo @AndresCantorGOL with his long windedâ€¦
Gâš½ï¸âš½ï¸âš½ï¸âš½ï¸âš½ï¸âš½ï¸âš½ï¸âš½ï¸âš½ï¸âš½ï¸âš½ï¸âš½ï¸L !!!!!!!!
#FIFAWorldCup #Quatar2022 #FIFAWorldCupFinal #WorldCup2022 
 https://t.co/EMpegMIEie"
18,"#footballtime 
Unbelievable final of Qatar 2022 #WorldCup !!
WOW What a match ğŸ”¥
Congratulations #Argentina  
Congratulations #LeoMessiğŸ”¥ https://t.co/iIUKFDKhcc"
19,Couldnâ€™t even help themselves. They had to take one last dig at Qatar to steer up controversy after the most thrilling  World Cup final in history. #Qatar2022 #ArgentinaVsFrance #WorldCup
20,"@Reuters A-14-year old girl,in one of the poor areas of Tehran, was repeatedly raped and assaulted by security forces just because of removing her hijab at school, in such a way that she suffered a torn vagina and passed away at hospital.
#MahsaAmini
#WorldCup"
